{"train_losses": [0.32775526628073026, 0.1838931448582508], "train_accs": [0.8568666666666667, 0.9366888888888889], "val_losses": [0.26551976235220415, 0.28552976030909927], "val_accs": [0.8936, 0.904], "lr_history": [1.1109794628751976e-05, 0.0], "epochs": [1, 2], "best_epoch": 2, "best_val_acc": 0.904, "training_time": 10402.858195781708}